--
-- PostgreSQL database cluster dump
--

SET default_transaction_read_only = off;

SET client_encoding = 'UTF8';
SET standard_conforming_strings = on;

--
-- Drop databases (except postgres and template1)
--





--
-- Drop roles
--

DROP ROLE postgres;


--
-- Roles
--

CREATE ROLE postgres;
ALTER ROLE postgres WITH SUPERUSER INHERIT CREATEROLE CREATEDB LOGIN REPLICATION BYPASSRLS;






--
-- Databases
--

--
-- Database "template1" dump
--

--
-- PostgreSQL database dump
--

-- Dumped from database version 14.6 (Debian 14.6-1.pgdg110+1)
-- Dumped by pg_dump version 14.6 (Debian 14.6-1.pgdg110+1)

SET statement_timeout = 0;
SET lock_timeout = 0;
SET idle_in_transaction_session_timeout = 0;
SET client_encoding = 'UTF8';
SET standard_conforming_strings = on;
SELECT pg_catalog.set_config('search_path', '', false);
SET check_function_bodies = false;
SET xmloption = content;
SET client_min_messages = warning;
SET row_security = off;

UPDATE pg_catalog.pg_database SET datistemplate = false WHERE datname = 'template1';
DROP DATABASE template1;
--
-- Name: template1; Type: DATABASE; Schema: -; Owner: postgres
--

CREATE DATABASE template1 WITH TEMPLATE = template0 ENCODING = 'UTF8' LOCALE = 'en_US.utf8';


ALTER DATABASE template1 OWNER TO postgres;

\connect template1

SET statement_timeout = 0;
SET lock_timeout = 0;
SET idle_in_transaction_session_timeout = 0;
SET client_encoding = 'UTF8';
SET standard_conforming_strings = on;
SELECT pg_catalog.set_config('search_path', '', false);
SET check_function_bodies = false;
SET xmloption = content;
SET client_min_messages = warning;
SET row_security = off;

--
-- Name: DATABASE template1; Type: COMMENT; Schema: -; Owner: postgres
--

COMMENT ON DATABASE template1 IS 'default template for new databases';


--
-- Name: template1; Type: DATABASE PROPERTIES; Schema: -; Owner: postgres
--

ALTER DATABASE template1 IS_TEMPLATE = true;


\connect template1

SET statement_timeout = 0;
SET lock_timeout = 0;
SET idle_in_transaction_session_timeout = 0;
SET client_encoding = 'UTF8';
SET standard_conforming_strings = on;
SELECT pg_catalog.set_config('search_path', '', false);
SET check_function_bodies = false;
SET xmloption = content;
SET client_min_messages = warning;
SET row_security = off;

--
-- Name: DATABASE template1; Type: ACL; Schema: -; Owner: postgres
--

REVOKE CONNECT,TEMPORARY ON DATABASE template1 FROM PUBLIC;
GRANT CONNECT ON DATABASE template1 TO PUBLIC;


--
-- PostgreSQL database dump complete
--

--
-- Database "postgres" dump
--

--
-- PostgreSQL database dump
--

-- Dumped from database version 14.6 (Debian 14.6-1.pgdg110+1)
-- Dumped by pg_dump version 14.6 (Debian 14.6-1.pgdg110+1)

SET statement_timeout = 0;
SET lock_timeout = 0;
SET idle_in_transaction_session_timeout = 0;
SET client_encoding = 'UTF8';
SET standard_conforming_strings = on;
SELECT pg_catalog.set_config('search_path', '', false);
SET check_function_bodies = false;
SET xmloption = content;
SET client_min_messages = warning;
SET row_security = off;

DROP DATABASE postgres;
--
-- Name: postgres; Type: DATABASE; Schema: -; Owner: postgres
--

CREATE DATABASE postgres WITH TEMPLATE = template0 ENCODING = 'UTF8' LOCALE = 'en_US.utf8';


ALTER DATABASE postgres OWNER TO postgres;

\connect postgres

SET statement_timeout = 0;
SET lock_timeout = 0;
SET idle_in_transaction_session_timeout = 0;
SET client_encoding = 'UTF8';
SET standard_conforming_strings = on;
SELECT pg_catalog.set_config('search_path', '', false);
SET check_function_bodies = false;
SET xmloption = content;
SET client_min_messages = warning;
SET row_security = off;

--
-- Name: DATABASE postgres; Type: COMMENT; Schema: -; Owner: postgres
--

COMMENT ON DATABASE postgres IS 'default administrative connection database';


SET default_tablespace = '';

SET default_table_access_method = heap;

--
-- Name: account_emailaddress; Type: TABLE; Schema: public; Owner: postgres
--

CREATE TABLE public.account_emailaddress (
    id integer NOT NULL,
    email character varying(254) NOT NULL,
    verified boolean NOT NULL,
    "primary" boolean NOT NULL,
    user_id bigint NOT NULL
);


ALTER TABLE public.account_emailaddress OWNER TO postgres;

--
-- Name: account_emailaddress_id_seq; Type: SEQUENCE; Schema: public; Owner: postgres
--

ALTER TABLE public.account_emailaddress ALTER COLUMN id ADD GENERATED BY DEFAULT AS IDENTITY (
    SEQUENCE NAME public.account_emailaddress_id_seq
    START WITH 1
    INCREMENT BY 1
    NO MINVALUE
    NO MAXVALUE
    CACHE 1
);


--
-- Name: account_emailconfirmation; Type: TABLE; Schema: public; Owner: postgres
--

CREATE TABLE public.account_emailconfirmation (
    id integer NOT NULL,
    created timestamp with time zone NOT NULL,
    sent timestamp with time zone,
    key character varying(64) NOT NULL,
    email_address_id integer NOT NULL
);


ALTER TABLE public.account_emailconfirmation OWNER TO postgres;

--
-- Name: account_emailconfirmation_id_seq; Type: SEQUENCE; Schema: public; Owner: postgres
--

ALTER TABLE public.account_emailconfirmation ALTER COLUMN id ADD GENERATED BY DEFAULT AS IDENTITY (
    SEQUENCE NAME public.account_emailconfirmation_id_seq
    START WITH 1
    INCREMENT BY 1
    NO MINVALUE
    NO MAXVALUE
    CACHE 1
);


--
-- Name: accounts_customuser; Type: TABLE; Schema: public; Owner: postgres
--

CREATE TABLE public.accounts_customuser (
    id bigint NOT NULL,
    password character varying(128) NOT NULL,
    last_login timestamp with time zone,
    is_superuser boolean NOT NULL,
    username character varying(150) NOT NULL,
    first_name character varying(150) NOT NULL,
    last_name character varying(150) NOT NULL,
    email character varying(254) NOT NULL,
    is_staff boolean NOT NULL,
    is_active boolean NOT NULL,
    date_joined timestamp with time zone NOT NULL
);


ALTER TABLE public.accounts_customuser OWNER TO postgres;

--
-- Name: accounts_customuser_groups; Type: TABLE; Schema: public; Owner: postgres
--

CREATE TABLE public.accounts_customuser_groups (
    id bigint NOT NULL,
    customuser_id bigint NOT NULL,
    group_id integer NOT NULL
);


ALTER TABLE public.accounts_customuser_groups OWNER TO postgres;

--
-- Name: accounts_customuser_groups_id_seq; Type: SEQUENCE; Schema: public; Owner: postgres
--

ALTER TABLE public.accounts_customuser_groups ALTER COLUMN id ADD GENERATED BY DEFAULT AS IDENTITY (
    SEQUENCE NAME public.accounts_customuser_groups_id_seq
    START WITH 1
    INCREMENT BY 1
    NO MINVALUE
    NO MAXVALUE
    CACHE 1
);


--
-- Name: accounts_customuser_id_seq; Type: SEQUENCE; Schema: public; Owner: postgres
--

ALTER TABLE public.accounts_customuser ALTER COLUMN id ADD GENERATED BY DEFAULT AS IDENTITY (
    SEQUENCE NAME public.accounts_customuser_id_seq
    START WITH 1
    INCREMENT BY 1
    NO MINVALUE
    NO MAXVALUE
    CACHE 1
);


--
-- Name: accounts_customuser_user_permissions; Type: TABLE; Schema: public; Owner: postgres
--

CREATE TABLE public.accounts_customuser_user_permissions (
    id bigint NOT NULL,
    customuser_id bigint NOT NULL,
    permission_id integer NOT NULL
);


ALTER TABLE public.accounts_customuser_user_permissions OWNER TO postgres;

--
-- Name: accounts_customuser_user_permissions_id_seq; Type: SEQUENCE; Schema: public; Owner: postgres
--

ALTER TABLE public.accounts_customuser_user_permissions ALTER COLUMN id ADD GENERATED BY DEFAULT AS IDENTITY (
    SEQUENCE NAME public.accounts_customuser_user_permissions_id_seq
    START WITH 1
    INCREMENT BY 1
    NO MINVALUE
    NO MAXVALUE
    CACHE 1
);


--
-- Name: auth_group; Type: TABLE; Schema: public; Owner: postgres
--

CREATE TABLE public.auth_group (
    id integer NOT NULL,
    name character varying(150) NOT NULL
);


ALTER TABLE public.auth_group OWNER TO postgres;

--
-- Name: auth_group_id_seq; Type: SEQUENCE; Schema: public; Owner: postgres
--

ALTER TABLE public.auth_group ALTER COLUMN id ADD GENERATED BY DEFAULT AS IDENTITY (
    SEQUENCE NAME public.auth_group_id_seq
    START WITH 1
    INCREMENT BY 1
    NO MINVALUE
    NO MAXVALUE
    CACHE 1
);


--
-- Name: auth_group_permissions; Type: TABLE; Schema: public; Owner: postgres
--

CREATE TABLE public.auth_group_permissions (
    id bigint NOT NULL,
    group_id integer NOT NULL,
    permission_id integer NOT NULL
);


ALTER TABLE public.auth_group_permissions OWNER TO postgres;

--
-- Name: auth_group_permissions_id_seq; Type: SEQUENCE; Schema: public; Owner: postgres
--

ALTER TABLE public.auth_group_permissions ALTER COLUMN id ADD GENERATED BY DEFAULT AS IDENTITY (
    SEQUENCE NAME public.auth_group_permissions_id_seq
    START WITH 1
    INCREMENT BY 1
    NO MINVALUE
    NO MAXVALUE
    CACHE 1
);


--
-- Name: auth_permission; Type: TABLE; Schema: public; Owner: postgres
--

CREATE TABLE public.auth_permission (
    id integer NOT NULL,
    name character varying(255) NOT NULL,
    content_type_id integer NOT NULL,
    codename character varying(100) NOT NULL
);


ALTER TABLE public.auth_permission OWNER TO postgres;

--
-- Name: auth_permission_id_seq; Type: SEQUENCE; Schema: public; Owner: postgres
--

ALTER TABLE public.auth_permission ALTER COLUMN id ADD GENERATED BY DEFAULT AS IDENTITY (
    SEQUENCE NAME public.auth_permission_id_seq
    START WITH 1
    INCREMENT BY 1
    NO MINVALUE
    NO MAXVALUE
    CACHE 1
);


--
-- Name: blogs_blog; Type: TABLE; Schema: public; Owner: postgres
--

CREATE TABLE public.blogs_blog (
    id bigint NOT NULL,
    title character varying(1000) NOT NULL,
    image character varying(100) NOT NULL,
    body text NOT NULL,
    datetime_created timestamp with time zone NOT NULL,
    datetime_modified timestamp with time zone NOT NULL,
    user_id bigint NOT NULL
);


ALTER TABLE public.blogs_blog OWNER TO postgres;

--
-- Name: blogs_blog_id_seq; Type: SEQUENCE; Schema: public; Owner: postgres
--

ALTER TABLE public.blogs_blog ALTER COLUMN id ADD GENERATED BY DEFAULT AS IDENTITY (
    SEQUENCE NAME public.blogs_blog_id_seq
    START WITH 1
    INCREMENT BY 1
    NO MINVALUE
    NO MAXVALUE
    CACHE 1
);


--
-- Name: django_admin_log; Type: TABLE; Schema: public; Owner: postgres
--

CREATE TABLE public.django_admin_log (
    id integer NOT NULL,
    action_time timestamp with time zone NOT NULL,
    object_id text,
    object_repr character varying(200) NOT NULL,
    action_flag smallint NOT NULL,
    change_message text NOT NULL,
    content_type_id integer,
    user_id bigint NOT NULL,
    CONSTRAINT django_admin_log_action_flag_check CHECK ((action_flag >= 0))
);


ALTER TABLE public.django_admin_log OWNER TO postgres;

--
-- Name: django_admin_log_id_seq; Type: SEQUENCE; Schema: public; Owner: postgres
--

ALTER TABLE public.django_admin_log ALTER COLUMN id ADD GENERATED BY DEFAULT AS IDENTITY (
    SEQUENCE NAME public.django_admin_log_id_seq
    START WITH 1
    INCREMENT BY 1
    NO MINVALUE
    NO MAXVALUE
    CACHE 1
);


--
-- Name: django_content_type; Type: TABLE; Schema: public; Owner: postgres
--

CREATE TABLE public.django_content_type (
    id integer NOT NULL,
    app_label character varying(100) NOT NULL,
    model character varying(100) NOT NULL
);


ALTER TABLE public.django_content_type OWNER TO postgres;

--
-- Name: django_content_type_id_seq; Type: SEQUENCE; Schema: public; Owner: postgres
--

ALTER TABLE public.django_content_type ALTER COLUMN id ADD GENERATED BY DEFAULT AS IDENTITY (
    SEQUENCE NAME public.django_content_type_id_seq
    START WITH 1
    INCREMENT BY 1
    NO MINVALUE
    NO MAXVALUE
    CACHE 1
);


--
-- Name: django_migrations; Type: TABLE; Schema: public; Owner: postgres
--

CREATE TABLE public.django_migrations (
    id bigint NOT NULL,
    app character varying(255) NOT NULL,
    name character varying(255) NOT NULL,
    applied timestamp with time zone NOT NULL
);


ALTER TABLE public.django_migrations OWNER TO postgres;

--
-- Name: django_migrations_id_seq; Type: SEQUENCE; Schema: public; Owner: postgres
--

ALTER TABLE public.django_migrations ALTER COLUMN id ADD GENERATED BY DEFAULT AS IDENTITY (
    SEQUENCE NAME public.django_migrations_id_seq
    START WITH 1
    INCREMENT BY 1
    NO MINVALUE
    NO MAXVALUE
    CACHE 1
);


--
-- Name: django_session; Type: TABLE; Schema: public; Owner: postgres
--

CREATE TABLE public.django_session (
    session_key character varying(40) NOT NULL,
    session_data text NOT NULL,
    expire_date timestamp with time zone NOT NULL
);


ALTER TABLE public.django_session OWNER TO postgres;

--
-- Name: orders_order; Type: TABLE; Schema: public; Owner: postgres
--

CREATE TABLE public.orders_order (
    id bigint NOT NULL,
    is_paid boolean NOT NULL,
    first_name character varying(100) NOT NULL,
    last_name character varying(100) NOT NULL,
    phone_number character varying(15) NOT NULL,
    address character varying(700) NOT NULL,
    datetime_created timestamp with time zone NOT NULL,
    datetime_modified timestamp with time zone NOT NULL,
    user_id bigint NOT NULL,
    order_note character varying(700) NOT NULL
);


ALTER TABLE public.orders_order OWNER TO postgres;

--
-- Name: orders_order_id_seq; Type: SEQUENCE; Schema: public; Owner: postgres
--

ALTER TABLE public.orders_order ALTER COLUMN id ADD GENERATED BY DEFAULT AS IDENTITY (
    SEQUENCE NAME public.orders_order_id_seq
    START WITH 1
    INCREMENT BY 1
    NO MINVALUE
    NO MAXVALUE
    CACHE 1
);


--
-- Name: orders_orderproduct; Type: TABLE; Schema: public; Owner: postgres
--

CREATE TABLE public.orders_orderproduct (
    id bigint NOT NULL,
    price integer NOT NULL,
    quantity integer NOT NULL,
    order_id bigint NOT NULL,
    product_id bigint NOT NULL,
    CONSTRAINT orders_orderproduct_price_check CHECK ((price >= 0)),
    CONSTRAINT orders_orderproduct_quantity_check CHECK ((quantity >= 0))
);


ALTER TABLE public.orders_orderproduct OWNER TO postgres;

--
-- Name: orders_orderproduct_id_seq; Type: SEQUENCE; Schema: public; Owner: postgres
--

ALTER TABLE public.orders_orderproduct ALTER COLUMN id ADD GENERATED BY DEFAULT AS IDENTITY (
    SEQUENCE NAME public.orders_orderproduct_id_seq
    START WITH 1
    INCREMENT BY 1
    NO MINVALUE
    NO MAXVALUE
    CACHE 1
);


--
-- Name: products_comments; Type: TABLE; Schema: public; Owner: postgres
--

CREATE TABLE public.products_comments (
    id bigint NOT NULL,
    body text NOT NULL,
    star character varying(10) NOT NULL,
    active boolean NOT NULL,
    datetime_created timestamp with time zone NOT NULL,
    datetime_modified timestamp with time zone NOT NULL,
    product_id bigint NOT NULL,
    user_id bigint NOT NULL
);


ALTER TABLE public.products_comments OWNER TO postgres;

--
-- Name: products_comments_id_seq; Type: SEQUENCE; Schema: public; Owner: postgres
--

ALTER TABLE public.products_comments ALTER COLUMN id ADD GENERATED BY DEFAULT AS IDENTITY (
    SEQUENCE NAME public.products_comments_id_seq
    START WITH 1
    INCREMENT BY 1
    NO MINVALUE
    NO MAXVALUE
    CACHE 1
);


--
-- Name: products_products; Type: TABLE; Schema: public; Owner: postgres
--

CREATE TABLE public.products_products (
    id bigint NOT NULL,
    title character varying(100) NOT NULL,
    description text NOT NULL,
    price integer NOT NULL,
    active boolean NOT NULL,
    datetime_created timestamp with time zone NOT NULL,
    datetime_modified timestamp with time zone NOT NULL,
    image character varying(100) NOT NULL,
    CONSTRAINT products_products_price_check CHECK ((price >= 0))
);


ALTER TABLE public.products_products OWNER TO postgres;

--
-- Name: products_products_id_seq; Type: SEQUENCE; Schema: public; Owner: postgres
--

ALTER TABLE public.products_products ALTER COLUMN id ADD GENERATED BY DEFAULT AS IDENTITY (
    SEQUENCE NAME public.products_products_id_seq
    START WITH 1
    INCREMENT BY 1
    NO MINVALUE
    NO MAXVALUE
    CACHE 1
);


--
-- Data for Name: account_emailaddress; Type: TABLE DATA; Schema: public; Owner: postgres
--

COPY public.account_emailaddress (id, email, verified, "primary", user_id) FROM stdin;
\.


--
-- Data for Name: account_emailconfirmation; Type: TABLE DATA; Schema: public; Owner: postgres
--

COPY public.account_emailconfirmation (id, created, sent, key, email_address_id) FROM stdin;
\.


--
-- Data for Name: accounts_customuser; Type: TABLE DATA; Schema: public; Owner: postgres
--

COPY public.accounts_customuser (id, password, last_login, is_superuser, username, first_name, last_name, email, is_staff, is_active, date_joined) FROM stdin;
1	pbkdf2_sha256$390000$Qbtd6ftQJlG4tfxJ6BR9Ny$hbSZx6NkqQjLr9J4qhuBtWuG8+BQTEybEUcclvSre5c=	2022-12-15 15:26:58.767575+00	t	hossein	hossein	yaghoubib	hossein@gmail.com	t	t	2022-12-15 15:26:15.341772+00
2	pbkdf2_sha256$390000$0BsLOSqW7Uh9MF8ebdsGPe$7+ct9gVM8DZIoN1wb1pYxWTcy+aep9S0xrbzGWxbeqg=	\N	f	ali				f	t	2023-01-02 17:44:52.361791+00
\.


--
-- Data for Name: accounts_customuser_groups; Type: TABLE DATA; Schema: public; Owner: postgres
--

COPY public.accounts_customuser_groups (id, customuser_id, group_id) FROM stdin;
\.


--
-- Data for Name: accounts_customuser_user_permissions; Type: TABLE DATA; Schema: public; Owner: postgres
--

COPY public.accounts_customuser_user_permissions (id, customuser_id, permission_id) FROM stdin;
\.


--
-- Data for Name: auth_group; Type: TABLE DATA; Schema: public; Owner: postgres
--

COPY public.auth_group (id, name) FROM stdin;
\.


--
-- Data for Name: auth_group_permissions; Type: TABLE DATA; Schema: public; Owner: postgres
--

COPY public.auth_group_permissions (id, group_id, permission_id) FROM stdin;
\.


--
-- Data for Name: auth_permission; Type: TABLE DATA; Schema: public; Owner: postgres
--

COPY public.auth_permission (id, name, content_type_id, codename) FROM stdin;
1	Can add log entry	1	add_logentry
2	Can change log entry	1	change_logentry
3	Can delete log entry	1	delete_logentry
4	Can view log entry	1	view_logentry
5	Can add permission	2	add_permission
6	Can change permission	2	change_permission
7	Can delete permission	2	delete_permission
8	Can view permission	2	view_permission
9	Can add group	3	add_group
10	Can change group	3	change_group
11	Can delete group	3	delete_group
12	Can view group	3	view_group
13	Can add content type	4	add_contenttype
14	Can change content type	4	change_contenttype
15	Can delete content type	4	delete_contenttype
16	Can view content type	4	view_contenttype
17	Can add session	5	add_session
18	Can change session	5	change_session
19	Can delete session	5	delete_session
20	Can view session	5	view_session
21	Can add user	6	add_customuser
22	Can change user	6	change_customuser
23	Can delete user	6	delete_customuser
24	Can view user	6	view_customuser
25	Can add products	7	add_products
26	Can change products	7	change_products
27	Can delete products	7	delete_products
28	Can view products	7	view_products
29	Can add comments	8	add_comments
30	Can change comments	8	change_comments
31	Can delete comments	8	delete_comments
32	Can view comments	8	view_comments
33	Can add email address	9	add_emailaddress
34	Can change email address	9	change_emailaddress
35	Can delete email address	9	delete_emailaddress
36	Can view email address	9	view_emailaddress
37	Can add email confirmation	10	add_emailconfirmation
38	Can change email confirmation	10	change_emailconfirmation
39	Can delete email confirmation	10	delete_emailconfirmation
40	Can view email confirmation	10	view_emailconfirmation
41	Can add order	11	add_order
42	Can change order	11	change_order
43	Can delete order	11	delete_order
44	Can view order	11	view_order
45	Can add order product	12	add_orderproduct
46	Can change order product	12	change_orderproduct
47	Can delete order product	12	delete_orderproduct
48	Can view order product	12	view_orderproduct
49	Can add discount	13	add_discount
50	Can change discount	13	change_discount
51	Can delete discount	13	delete_discount
52	Can view discount	13	view_discount
53	Can add blog	14	add_blog
54	Can change blog	14	change_blog
55	Can delete blog	14	delete_blog
56	Can view blog	14	view_blog
\.


--
-- Data for Name: blogs_blog; Type: TABLE DATA; Schema: public; Owner: postgres
--

COPY public.blogs_blog (id, title, image, body, datetime_created, datetime_modified, user_id) FROM stdin;
1	۵ دلیل برای اینکه به گوشی گران‌قیمت نیازی ندارید	blog/blog_title/Expensive-Phones-1.jpg	<p>اگر مشکل مالی و بودجه&zwnj;ی محدودی نداشته باشید، احتمالا برای خرید یک گوشی وسوسه می&zwnj;شوید از بین گزینه&zwnj;های گران&zwnj;قیمت مانند گلکسی S22 اولترا، آیفون&zwnj;های جدید و دیگر پرچم&zwnj;داران دست به انتخاب بزنید. این گوشی&zwnj;ها بسیار قدرتمند هستند و تقریبا هر کاری را به بهترین شکل انجام می&zwnj;دهند. اما آیا واقعا به یک گوشی گران&zwnj;قیمت نیاز دارید و خرید این نوع گوشی&zwnj;ها کار عاقلانه&zwnj;ای است؟</p>\r\n\r\n<p>البته همین ابتدا باید بگوییم که با توجه افزایش شدید قیمت دلار در ایران، حتی گوشی&zwnj;های اقتصادی هم برای بسیاری از کاربران گران&zwnj;قیمت محسوب می&zwnj;شوند. بنابراین در این مطلب منظور ما از گوشی&zwnj;های گران&zwnj;قیمت، گوشی&zwnj;هایی است که نسبت به دیگر گوشی&zwnj;های موجود در بازار قیمت بسیار بالاتری دارند.</p>\r\n\r\n<p>&nbsp;</p>\r\n\r\n<h2><strong>بهبود چشمگیر کیفیت دوربین در گوشی&zwnj;های میان&zwnj;رده</strong></h2>\r\n\r\n<p><img alt="گوشی های گران قیمت اپل" src="https://www.digikala.com/mag/wp-content/uploads/2023/01/Expensive-Phones-2.jpg" style="height:522px; width:822px" /></p>\r\n\r\n<p>&nbsp;</p>\r\n\r\n<p>یکی از دلایلی که در گذشته کاربران علاقه&zwnj;ی زیادی به گوشی&zwnj;های پرچم&zwnj;دار داشتند، کیفیت بالای دوربین آن&zwnj;ها بود. در سال ۲۰۱۹ گوشی میان&zwnj;رده&zwnj;ای مانند گلکسی A70s از نظر کیفیت دوربین می&zwnj;توانست رضایت بیشتر کاربران را جلب کند ولی در این میان مثلا دوربین گوشی گلکسی نوت ۱۰ پلاس در محیط&zwnj;های کم&zwnj;نور عکس&zwnj;های بسیار بهتری ثبت می&zwnj;کرد.</p>\r\n\r\n<p>با این حال این شکاف بین گوشی&zwnj;های پرچم&zwnj;دار و میان&zwnj;رده دیگر مانند گذشته وسیع نیست. در همین زمینه می&zwnj;توانیم به نتیجه رای&zwnj;گیری Marques Brownlee اشاره کنیم که مشهورترین یوتیوبر جهان در حوزه&zwnj;ی تکنولوژی محسوب می&zwnj;شود و اخیرا از هزاران کاربر از بین چندین عکس گوشی&zwnj;های مختلف رای&zwnj;گیری کرده است. در این رای&zwnj;گیری گوشی میان&zwnj;رده&zwnj;ی پیکسل ۶A توانسته نسبت به تمام گوشی&zwnj;های پرچم&zwnj;دار و بسیار گران&zwnj;تر نتایج بهتری ثبت کند و در رتبه&zwnj;ی اول قرار گرفته است.</p>\r\n\r\n<p>البته طبیعتا گوشی&zwnj;های پیکسل به داشتن دوربین&zwnj;های فوق&zwnj;العاده شهرت دارند و دیگر گوشی&zwnj;های میان&zwnj;رده در این زمینه نمی&zwnj;توانند در برابر آن عرض اندام کنند. اما در هر صورت واقعیت این است دوربین گوشی&zwnj;های میان&zwnj;رده هم روز&zwnj;به&zwnj;روز بهتر می&zwnj;شوند. در ضمن باید خاطرنشان کنیم بهبود کیفیت دوربین گوشی&zwnj;های پرچم&zwnj;دار هم دیگر مانند گذشته چندان چشمگیر نیست. به عنوان مثال مدل&zwnj;های پرو آیفون ۱۴ با وجود اینکه از سنسور دوربین بسیار بهتری استفاده می&zwnj;کنند، اما برای بسیاری از کاربران کیفیت عکس&zwnj;های ثبت شده با این دو گوشی تفاوت چندانی با نسل قبلی ندارد.</p>\r\n\r\n<p>&nbsp;</p>\r\n\r\n<p>&nbsp;</p>	2023-01-09 18:19:55.63119+00	2023-01-09 18:19:55.631223+00	1
2	دسته‌ی جدید ایسوس برای ایکس‌باکس یک صفحه‌ی نمایش دارد	blog/blog_title/Asus_Xbox_Controller_1.jpg	<p>ایسوس در اواخر سال جاری میلادی کنترلر جدیدی از ایکس&zwnj;باکس را برای کامپیوتر عرضه می&zwnj;کند که دارای صفحه&zwnj;نمایش OLED داخلی و مجموعه&zwnj;ای از گزینه&zwnj;های اتصال برای کامپیوتر است.</p>\r\n\r\n<p>کنترلر ROG Raikiri Pro دارای یک نمایشگر کوچک ۱.۳ اینچی OLED در بالای دکمه Xbox است که انیمیشن&zwnj;های سفارشی، وضعیت باتری یا میکروفون و غیره را نمایش خواهد داد.</p>\r\n\r\n<p>نمایشگر OLED ( با رزولوشن ۱۲۸ x 40) تا حد زیادی برای تعویض پروفایل&zwnj;ها در هنگام اجرای بازی یا برای بررسی وضعیت شارژ یا باتری، جفت&zwnj;شدن بلوتوث، و اجرای والپیپرهای متنی یا انیمیشنی مورداستفاده قرار خواهد گرفت. انیمیشن&zwnj;های سفارشی بسیاری را به یاد نمایشگر OLED می&zwnj;اندازند که در سال ۲۰۱۸ جایگزین کنترلر اکس باکس اسکورپیو یا کنترلر کلاسیک سگا دریم کست شد. انیمیشن&zwnj;های سفارشی من را بسیار به یاد صفحه&zwnj;نمایش OLED می&zwnj;اندازند که جایگزین دکمه&zwnj;ی ایکس&zwnj;باکس در کنترلر بازسازی&zwnj;شده Duke در سال ۲۰۱۸ یا کنترلر کلاسیک سگا دریم&zwnj;کست شد.</p>\r\n\r\n<p><img alt="دسنه بازی asus" src="https://www.digikala.com/mag/wp-content/uploads/2023/01/asusrogxboxcontroller.gif" style="height:463px; width:600px" /></p>\r\n\r\n<p>&nbsp;</p>\r\n\r\n<p>دو دکمه در بالای Raikiri Pro از تعویض پروفایل کنترلر در طول بازی پشتیبانی می&zwnj;کنند، با تنظیم مجدد دکمه&zwnj;ها، حساسیت جوی&zwnj;استیک، و حالت&zwnj;های مختلف تریگر و مواردی مشابه که همگی با برنامه Armory Crate کامپیوترهای شخصی ایسوس قابل تنظیم هستند. همچنین چهار دکمه&zwnj;ی عقبی قابل&zwnj;برنامه&zwnj;ریزی، قفل کردن تریگرها و جهت&zwnj;های عادی هم در این دسته وجود دارد و قابل کنترل است.</p>\r\n\r\n<p>این همچنین اولین کنترلر دارای مجوز ایکس&zwnj;باکس با اتصال سه حالته است. اتصال از طریق بلوتوث، حالت RF با تأخیر کم ۲.۴ گیگاهرتز و در نهایت اتصال USB-C سیمی است. ایسوس، Raikiri Pro &nbsp;را به&zwnj;عنوان یک کنترلر حرفه&zwnj;ای کامپیوتر توصیف می&zwnj;کند و برای اتصال به کنسول&zwnj;های ایکس&zwnj;باکس سری ایکس/اس فقط از طریق USB &ndash; C سیمی امکان&zwnj;پذیر است. این می&zwnj;تواند به این معنی باشد که بسیاری از ویژگی&zwnj;های حرفه&zwnj;ای این کنترلر تنها در کامپیوترهای شخصی به طور کامل عمل خواهند کرد.</p>\r\n\r\n<p>&nbsp;</p>\r\n\r\n<p><img alt="دسته بازی ایسوس" src="https://www.digikala.com/mag/wp-content/uploads/2023/01/Asus_Xbox_Controller_2.jpg" style="height:394px; width:700px" /></p>\r\n\r\n<p>&nbsp;</p>\r\n\r\n<p>Raikiri Pro همچنین دارای یک ESS DAC داخلی، جک ۳.۵ میلی&zwnj;متری هدفون و دکمه بی&zwnj;صدا کردن مجهز است. ایسوس تاریخ دقیقی برای عرضه Raikiri Pro و قیمت آن ارائه نکرده است. تنها چیزی که می&zwnj;دانیم این است که در مقطعی در سه&zwnj;ماهه&zwnj;ی مالی اول سال ۲۰۲۳ در دسترس خواهد بود.</p>\r\n\r\n<p>&nbsp;</p>	2023-01-09 19:08:35.06136+00	2023-01-09 19:08:35.061392+00	1
3	بررسی هدفون هایلو مدل GT6؛ خوش‌قیمت و راحت با صدای عالی	blog/blog_title/haylou-gt6-1-1.jpg	<p>هدفون بی&zwnj;سیم مدل GT6، محصول بسیار بادوام و مقرون&zwnj;به&zwnj;صرفه از شرکت هایلو است که در بازار ایران توانسته نظر کاربران بسیاری را به خود جلب کند و به یکی از پرفروش&zwnj;ترین و محبوب&zwnj;ترین هدفون&zwnj;های بی&zwnj;سیم هایلو دیجی کالا تبدیل شود. در این مقاله قصد داریم به نقد و بررسی این هدفون&zwnj; بی&zwnj;سیم پرفروش هایلو بپردازیم و ببینیم که آیا با توجه به مشخصات و قابلیت&zwnj;هایی که ارائه می&zwnj;دهد، خرید آن منطقی است یا نه. با دیجی کالا مگ همراه باشید.</p>\r\n\r\n<p>این روزها با توجه به شرایط اقتصادی، اغلب کاربران به دنبال محصولاتی می&zwnj;گردند که علاوه بر ارائه&zwnj;ی امکانات و قابلیت&zwnj;های بسیار خوب، از لحاظ اقتصادی نیز برای آن&zwnj;ها مقرون&zwnj;به&zwnj;صرفه باشد و متحمل هزینه&zwnj;های زیادی برای خرید آن&zwnj;ها نشوند. هدفون بی&zwnj;سیم هایلو مدل GT6 نیز جزو همین دسته از محصولات به شمار می&zwnj;رود. هایلو یک برند معروف چینی است که در بازار ایران توانسته به محبوبیت خوبی دست پیدا کند و اکثر محصولات آن در فروشگاه دیجی کالا با استقبال خوبی از سوی کاربران روبرو شده&zwnj;اند. این هدفون بی&zwnj;سیم هایلو در عین داشتن قیمت مناسب، قابلیت&zwnj;های جذابی نیز در اختیار کاربران قرار می&zwnj;دهد.</p>\r\n\r\n<p>هایلو GT6 طراحی بسیار به&zwnj;روز و مدرنی دارد و به کمک درایورهای دینامیک ۱۲ میلی&zwnj;متری و همچنین تأخیر بسیار کم ۶۵ میلی&zwnj;ثانیه به لطف بلوتوث نسخه&zwnj;ی ۵.۲، صدای باکیفیتی را به گوش شما می&zwnj;رساند. این محصول بسیار پرفروش بدون هیچ مشکلی با گوشی هوشمند شما همگام&zwnj;سازی می&zwnj;شود و به لطف کیس شارژش قادر است تا حدود ۱۶ ساعت شارژدهی داشته باشد. با این تفاسیر، اگر به دنبال یک هدفون بی&zwnj;سیم اقتصادی با دوام و با امکانات خوب می&zwnj;گردید، هدفون بی&zwnj;سیم هایلو مدل GT6 یکی از بهترین گزینه&zwnj;های ممکن است که می&zwnj;توانید آن را از فروشگاه آنلاین دیجی کالا خریداری کنید.</p>\r\n\r\n<p><img alt="airpod" src="https://www.digikala.com/mag/wp-content/uploads/2023/01/Haylou-GT6-7.jpg" style="height:522px; width:822px" /></p>\r\n\r\n<p>&nbsp;</p>\r\n\r\n<p>پیش از اینکه ببینیم آیا هدفون بی&zwnj;سیم هایلو مدل GT6 ارزش خرید دارد یا خیر، بد نیست نگاهی به جدول مشخصات فنی این ایربادز داشته باشیم تا ببینیم وضعیت روی کاغذ چگونه است.</p>\r\n\r\n<table border="1" cellpadding="1" cellspacing="1" style="height:143px; width:674px">\r\n\t<tbody>\r\n\t\t<tr>\r\n\t\t\t<td><span style="color:#008000"><strong>نام هدفون بی&zwnj;سیم</strong></span></td>\r\n\t\t\t<td><span style="color:#000000"><strong>هایلو مدل GT6</strong></span></td>\r\n\t\t</tr>\r\n\t\t<tr>\r\n\t\t\t<td><span style="color:#008000"><strong>ابعاد و وزن</strong></span></td>\r\n\t\t\t<td><span style="color:#000000"><strong>۲۱.۶ در ۱۹.۹ در ۱۸.۷ میلی&zwnj;متر (ابعاد گوشی)- ۵۰.۲ در ۵۰.۱ در ۲۷.۷ میلی&zwnj;متر (ابعاد کیس) / وزن هر گوشی ۳.۹ گرم و وزن کیس ۵۰.۰ گرم</strong></span></td>\r\n\t\t</tr>\r\n\t\t<tr>\r\n\t\t\t<td><span style="color:#008000"><strong>قطر درایور</strong></span></td>\r\n\t\t\t<td><span style="color:#000000"><strong>۱۲ میلی&zwnj;متر</strong></span></td>\r\n\t\t\t<td>&nbsp;</td>\r\n\t\t</tr>\r\n\t</tbody>\r\n</table>\r\n\r\n<p>&nbsp;</p>	2023-01-09 19:12:39.118616+00	2023-01-09 19:12:39.118641+00	1
4	کتاب‌های اسلاونکا دراکولیچ؛ روایت‌هایی مستند از سبک زندگی مردم زیر سلطه حکومت کمونیستی	blog/blog_title/کمونیسم-1.jpg	<p>زمانی که اسلاونکا دراکولیچ در سال ۱۹۹۱ تصمیم گرفت سرگذشت مردم تحت سیطره حکومت کمونیستی شوروی را در کتاب &laquo;کمونیسم رفت، ما ماندیم و حتی خندیدیم&raquo; بنویسد، تصورش را نمی&zwnj;کرد کتابش در مدت زمان کوتاهی تا این حد مورد توجه قرار بگیرد و به چندین زبان ترجمه شود. آن زمان شوروی تازه از هم پاشیده و هنوز رازهای زیادی از زندگی مردم در این حکومت سر به مهر باقی مانده بود. دراکولیچ تصمیم گرفت مسئولیت بخشی از این رمزگشایی را برعهده بگیرد و با نگاه زنانه و دقیقش، به شکلی روان و سر راست از سختی&zwnj;های زندگی در یک حکومت توتالیتر بگوید. او در زمان حکومت کمونیست&zwnj;ها در کرواسی روزنامه&zwnj;نگار بود و در دانشگاه نیز ادبیات تطبیقی و جامعه&zwnj;شناسی خوانده بود و تمام اینها سبب می&zwnj;شد تا مسائل روزمره را با دقت و حساسیت زیادی واکاوی کند.</p>\r\n\r\n<p>دراکولیچ به مدت ۴۰ سال در کرواسی (یوگسلاوی سابق) که آن زمان بخشی از بلوک شرق به حساب می&zwnj;آمد بود، تلخی، شیرینی، سختی، ناراحتی، کمبود و تجربه&zwnj;های عجیب و غریب زیادی را در زندگی&zwnj;اش دیده بود. شیوه عجیب حکومتداری کمونیست&zwnj;ها، سبک زندگی مردم را متفاوت از دیگر کشورهای دنیا کرده بود.</p>\r\n\r\n<p>رمز و رازهای حکومت&zwnj;های تمامیت&zwnj;خواه، نه در جوخه&zwnj;های آتش و ترس شدید مردم از حکومت، بلکه در فراز و نشیب&zwnj;های زندگی روزمره نهفته است. کمبودهای عجیب در زندگی، زیستن در آپارتمان&zwnj;های تنگ، بی&zwnj;اعتمادی مردم به یکدیگر و دهها مورد دیگر بیش از هر چیزی در این نظام&zwnj;ها خودش را نشان می&zwnj;دهد.</p>\r\n\r\n<p>به قول دراکولیچ &laquo;آنجایی که کمونیسم واقعا شکست خورد، در حیطه&zwnj;ی اداره&zwnj;ی امور پیش&zwnj;پا افتاده&zwnj;ی زندگی روزمره بود، نه در حیطه&zwnj;ی ایدئولوژیک.&raquo; جایی در کتاب می&zwnj;نویسد که هر مادری در بلغارستان می&zwnj;تواند بگوید کی و کجا شکست خورد: از شکست برنامه&zwnj;ریزی اقتصادی گرفته تا کمبود مسکن، غذا، مهدکودک، لباس، پوشک و حتی کاغذ توالت!</p>\r\n\r\n<h2><strong>تمرکز بر روی زنان در کتاب&zwnj;های دراکولیچ</strong></h2>\r\n\r\n<p>دراکولیچ به درستی این جنبه&zwnj;های بی&zwnj;اهمیت زندگی در حکومت&zwnj;های توتالیتر اروپای شرقی را دریافت و محور کتاب&zwnj;هایش قرار داد. او به دقت تمام این مسائل را دید و درک کرد. دراکولیچ در درجه اول بر زندگی زنان مترکز شد و این کار را بدون حقنه کردن و افراط و کلیشه&zwnj;سازی انجام داد.</p>\r\n\r\n<p>خودش جایی در همان ابتدای کتاب می&zwnj;نویسد که قبل از کتابش، مقالات و کتاب&zwnj;های زیادی درباره اروپای شرقی نوشته شده ولی هیچ کدام از این کتاب&zwnj;ها، از زنان، زندگی&zwnj;شان، احساسات&zwnj;شان و کمبودهایشان سخنی به میان نمی&zwnj;آورد و دقیقا این نقطه مثبت و متفاوت کار دراکولیچ است.</p>\r\n\r\n<p>دراکولیچ از زنان، احساسات، دغدغه&zwnj;ها و آرزوهایشان می&zwnj;نویسد و حواسش هست در این مسیر در دام فمنیست&zwnj;گرایی افراطی نیفتد. مطالب او جنسیت&zwnj;زده نیستند و دقیقا به خاطر همین هوشمندی همه با کتاب&zwnj;هایش ارتباط برقرار می&zwnj;کنند. او نگاهی انسانی به مسائل زنان دارد و فراتر از جنسیت همه چیز را نگاه می&zwnj;کند.</p>\r\n\r\n<p>این نویسنده کراوات در همین رابطه می&zwnj;نویسد: &laquo;من دست به سفر زدم تا این تغییرات بعد از انقلاب را از نزدیک خصوصا در زندگی زنان به هیچ وجه زندگی هیجان&zwnj;انگیزی نیست و در واقع خیلی هم معمولی و ملال&zwnj;آور است؛ اما می&zwnj;تواند به همان اندازه&zwnj;ی تحلیل&zwnj;های تئوریک سیاسی پایان&zwnj;ناپذیر، وضعیت سیاسی یک مملکت را توضیح دهد. من با زنان در آشپزخانه&zwnj;هایشان نشستم و به داستان زندگی&zwnj;شان گوش دادم و آنها از زندگی&zwnj;شان، از بچه&zwnj;هایشان و از مردان&zwnj;شان برایم حرف زدند و من دیدم طرح کلی زندگی&zwnj;هایمان تقریبا عین هم است. همه&zwnj;ی ما اجبارا زیر فشار یک سیستم کمونیستی زندگی کرده بودیم که همه&zwnj;ی آدم&zwnj;ها را به یکسان خرد می&zwnj;کرد. ما زن&zwnj;ها چشم&zwnj;انداز مشترکی هم در زندگی داشتیم که با چشم&zwnj;انداز مردها متفاوت بود. ما از &laquo;پائین&raquo; به مسائل نگاه می&zwnj;کردیم و چشم&zwnj;اندازمان ساده و پیش&zwnj;افتاده بود، اما امر سیاسی یعنی امر پیش پا افتاده.&raquo;</p>\r\n\r\n<p>همین چند دیدگاه و درایت دراکولیچ را در کار نشان می&zwnj;دهد. از نگاه او زنان بار سنگین اداره&zwnj;ی امور روزمره زندگی را به دوش می&zwnj;کشیدند و در رویدادهای منجر به انقلاب مشارکت کامل داشتند و کمتر به چشم آمدند. همین کمتر دیده شدن نیز یکی از مواردی بود که دراکولیچ را اذیت می&zwnj;کرد. او نمی&zwnj;خواست زنان در جریان این تحولات کمتر از مردان به چشم بیایند و به دنبال جایگاه حقیقی و واقعی&zwnj;شان در اتفاقات بود.</p>\r\n\r\n<p>زنان می&zwnj;خواستند دیده شوند و در نظام سیاسی مشارکت داشته باشند ولی سیستم ترجیح می&zwnj;داد آنها را نادیده بگیرد؛ و کار مهم دراکولیچ دقیقا در همین نقطه ارزش پیدا می&zwnj;کند که با پرداختن به روزمرگی&zwnj;های زنان، اجازه نادیده گرفته شدن&zwnj;شان را نداد.</p>\r\n\r\n<p>دراکولیچ با نگاهی انتقادی به وضعیت زنان و سختی&zwnj;هایی که در جریان روتین زندگی به دوش می&zwnj;کشیدند، می&zwnj;نویسد: &laquo;مسئله این است که [حکومت] اول می&zwnj;بایست یک عالم چیزهای دیگر تولید می&zwnj;کرده و یک عالم مشکلات دیگر را حل می&zwnj;کرده. &laquo;مسئله زنان&raquo; هم (اگر اصلا چنین مسئله&zwnj;ای در کار بود) بالاخره مطمئنا روزی حل می&zwnj;شد.&raquo;</p>	2023-01-09 19:14:35.491445+00	2023-01-09 19:14:39.637756+00	1
5	راهنمای خرید مانیتور؛ دی ۱۴۰۱	blog/blog_title/Digikala-Monitor-Buying-Guide-1401-10.jpg	<p>بهترین و مناسب&zwnj;ترین مانیتورهای موجود در بازار کدام هستند؟ در این مطلب <a href="https://www.digikala.com/mag/digikalamag-monitor-buying-guide"><strong>راهنمای خرید مانیتور دیجی&zwnj;کالا مگ</strong></a>، سعی کرده&zwnj;ایم تا تعدادی از مانیتورهای محبوب و مناسب بازار را که می&zwnj;توانند پاسخگوی هر سلیقه و کارکردی باشند معرفی کنیم.</p>\r\n\r\n<p>یکی از مهم&zwnj;ترین وسایل الکترونیکی، به خصوص برای کامپیوترها مانیتور است. انتخاب یک مانیتور و نمایشگر مناسب با کارایی، سلیقه و بودجه می&zwnj;تواند بهترین خروجی ممکن را به شما ارائه دهد. ما سعی کرده&zwnj;ایم تا در این <a href="https://www.digikala.com/mag/digikalamag-monitor-buying-guide"><strong>راهنمای خرید مانیتور دیجی&zwnj;کالا مگ</strong></a>، بهترین گزینه&zwnj;های بازار را با تنوع بسیار بالا و منطبق با سلیقه&zwnj; افراد مختلف معرفی کنیم. فرقی ندارد گیمر هستید یا برنامه&zwnj;نویس، این راهنمای خرید مانیتور دیجی&zwnj;کالا مگ می&zwnj;تواند احتمالا یک مانیتور جذاب را به گوشه ذهن&zwnj;تان هدایت کند.</p>\r\n\r\n<p><strong>اولین سوالات مهمی که باید در زمان خرید مانیتور از خود بپرسیم این است که: </strong></p>\r\n\r\n<h2><strong>هدف از خرید مانیتور چیست؟</strong></h2>\r\n\r\n<p>اگر صرفا گیم هدف اصلی شما است، معمولا نمایشگری با نرخ تازه&zwnj;سازی بالا (بیش از ۱۰۰ هرتز)، زمان پاسخ&zwnj;دهی پایین و دارا بودن یکی از فناوری&zwnj;های AMD FreeSync یا Nvidia G-Sync برای مقابله با بریدگی&zwnj;های تصویر در بازی&zwnj;های سریع می&zwnj;تواند بهترین گزینه باشد. برای استفاده&zwnj;های عمومی بیشتر باید به دنبال کنتراست بالا باشید و برای کارهای خلاقانه مانند تدوین و طراحی باید دقت رنگ را در اولویت قرار داد.</p>\r\n\r\n<h2><strong>چه وضوحی یا رزولوشنی مد نظر دارید؟ </strong></h2>\r\n\r\n<p>پیکسل&zwnj;های بیشتر به معنای تصویر واضح&zwnj;تر است. این روزها هیچ&zwnj;کس نباید مانیتوری زیر فول&zwnj; اچ&zwnj;&zwnj;دی بخرد. اما اگر بودجه شما بیشتر است، می&zwnj;توان یک راست به سراغ مانیتورهای ۴K رفت. البته که بسیاری از گیمرها راه میانه را پیش گرفته&zwnj;اند و به سراغ نمایشگرهایی با رزولوشن ۱۴۴۰p یا همان QHD خودمان رفته&zwnj;اند که چه از لحاظ قیمت و چه کیفیت، بسیار مناسب هستند.</p>\r\n\r\n<h2>کنتراست و رنگ؟</h2>\r\n\r\n<p>ما کنتراست را مهم&zwnj;ترین عامل در کیفیت تصویر می&zwnj;دانیم. خطاهای رنگی برای محتواسازان و هنرمندان دیجیتال بسیار مهم است و هر چیزی با معیار دلتا بیشتر از ۳ ممکن است خطاهای قابل مشاهده&zwnj;ای را نشان دهد.</p>\r\n\r\n<h2><strong>فناوری پنل؟</strong></h2>\r\n\r\n<p>وقتی صحبت از کیفیت تصویر می&zwnj;شود، ما با سه نوع پنل VA، IPS و TN طرف هستیم. مانیتورهای VA هنوز کنتراست بهتری نسبت به بهترین پنل&zwnj;های IPS دارند، اگر چه پنل&zwnj;های IPS هم بسیار رنگارنگ هستند.</p>\r\n\r\n<h2><strong>چه سایزی می&zwnj;خواهید؟</strong></h2>\r\n\r\n<p>این روزها مانیتورهای ۲۴ تا ۲۷ اینچ بسیار رایج هستند و مانیتورهای ۲۷ تا ۳۲ اینچ هم دارای قیمت&zwnj;های بسیار مناسبی هستند. اگر به لیست مانیتورهای این مقاله مراجعه کنید تعدادی از بهترین ۲۷ اینچ&zwnj;ها تا ۳۲&zwnj; اینچ&zwnj;ها را به شما معرفی کرده&zwnj;ایم.</p>\r\n\r\n<div>از آنجایی که تنوع محصولات در همه بازه&zwnj;های قیمتی بسیار زیاد است و هر مانیتور، ویژگی خاص خود را برای کارکردهای مختلف در اختیار دارد، ما در راهنمای خرید مانیتور دیجی&zwnj;کالا مگ دی ماه، تا بودجه ۲۰ میلیون تومان جلو رفته&zwnj;ایم و در ماه آینده، علاوه بر به&zwnj;روزرسانی موارد قبلی، تعدادی از مانیتورهای بیش از ۲۰ میلیون تومان را به همین لیست اضافه خواهیم کرد.</div>\r\n\r\n<hr />\r\n<h2><strong>فهرست دسترسی سریع </strong></h2>\r\n\r\n<h4><span style="color:#000000"><strong>(با کلیک روی گزینه&zwnj;ها به بخش توضیحات بروید)<br />\r\n&zwnj;</strong></span></h4>\r\n\r\n<div>\r\n<div>\r\n<h4>۱- <a href="https://www.digikala.com/mag/digikalamag-monitor-buying-guide/#monitor-1002">مانیتور ۲۳.۸ اینچی هوآوی Display 23.8 <span style="color:#000000">| از ۳.۷۰۰.۰۰۰ تومان</span></a></h4>\r\n\r\n<div>\r\n<div>\r\n<h4>۲- <a href="https://www.digikala.com/mag/digikalamag-monitor-buying-guide/#monitor-1000">مانیتور ۲۲ اینچی سامسونگ S22F350FH <span style="color:#000000">| از ۳.۹۰۰.۰۰۰ تومان</span></a></h4>\r\n\r\n<h4>۳- <a href="https://www.digikala.com/mag/digikalamag-monitor-buying-guide/#monitor-1001">مانیتور ۲۴ اینچی خمیده سامسونگ C24F390 <span style="color:#000000">| از ۴.۵۰۰.۰۰۰ تومان</span></a></h4>\r\n\r\n<h4>۴- <a href="https://www.digikala.com/mag/digikalamag-monitor-buying-guide/#monitor-1004">مانیتور ۲۷ اینچی ام&zwnj;اس&zwnj;آی PRO MP271P <span style="color:#000000">| از ۶.۵۰۰.۰۰۰ تومان</span></a></h4>\r\n\r\n<h4>۵- <a href="https://www.digikala.com/mag/digikalamag-monitor-buying-guide/#monitor-1005">مانیتور ۲۷ اینچی شیائومی Mi Desktop <span style="color:#000000">| از ۶.۸۰۰.۰۰۰ تومان</span></a></h4>\r\n\r\n<h4>۶- <a href="https://www.digikala.com/mag/digikalamag-monitor-buying-guide/#monitor-1003">مانیتور ۲۷ اینچی ایسوس VA27EHE <span style="color:#000000">| از ۷.۹۰۰.۰۰۰ تومان</span></a></h4>\r\n</div>\r\n</div>\r\n\r\n<h4>۷- <a href="https://www.digikala.com/mag/digikalamag-monitor-buying-guide/#monitor-1007">مانیتور ۲۴.۱ اینچی ایسوس PA248QV <span style="color:#000000">| از ۸.۰۰۰.۰۰۰ تومان</span></a></h4>\r\n\r\n<div>\r\n<p>&nbsp;</p>\r\n\r\n<div>\r\n<h4>۸- <a href="https://www.digikala.com/mag/digikalamag-monitor-buying-guide/#monitor-1006">مانیتور ۲۷ اینچی سامسونگ Odyssey G3 <span style="color:#000000">| از ۸.۵۰۰.۰۰۰ تومان</span></a></h4>\r\n\r\n<h4>۹- <a href="https://www.digikala.com/mag/digikalamag-monitor-buying-guide/#monitor-1010">مانیتور ۲۷ اینچی ال&zwnj;جی ۲۷GL650F-B <span style="color:#000000">| از ۹.۵۰۰.۰۰۰ تومان</span></a></h4>\r\n\r\n<h4>۱۰- <a href="https://www.digikala.com/mag/digikalamag-monitor-buying-guide/#monitor-1008">مانیتور ۲۷ اینچی ام&zwnj;اس&zwnj;آی&nbsp; Optix MAG273 <span style="color:#000000">| از ۱۰.۰۰۰.۰۰۰ تومان</span></a></h4>\r\n\r\n<h4>۱۱- <a href="https://www.digikala.com/mag/digikalamag-monitor-buying-guide/#monitor-1009">مانیتور ۲۷ اینچی خمیده سامسونگ Odyssey G5 <span style="color:#000000">| از ۱۱.۵۰۰.۰۰۰ تومان</span></a></h4>\r\n\r\n<h4>۱۲- <a href="https://www.digikala.com/mag/digikalamag-monitor-buying-guide/#monitor-1012">مانیتور ۴۳ اینچی سامسونگ LS43AM700U <span style="color:#000000">| از ۱۶.۵۰۰.۰۰۰ تومان</span></a></h4>\r\n\r\n<h4>۱۳- <a href="https://www.digikala.com/mag/digikalamag-monitor-buying-guide/#monitor-1013">مانیتور ۳۴ اینچی هوآوی MateView GT همراه با ساندبار <span style="color:#000000">| از ۲۲.۰۰۰.۰۰۰ تومان</span></a></h4>\r\n</div>\r\n</div>\r\n</div>\r\n</div>	2023-01-09 19:15:42.229708+00	2023-01-09 19:15:42.229738+00	1
\.


--
-- Data for Name: django_admin_log; Type: TABLE DATA; Schema: public; Owner: postgres
--

COPY public.django_admin_log (id, action_time, object_id, object_repr, action_flag, change_message, content_type_id, user_id) FROM stdin;
1	2022-12-15 16:11:27.891531+00	1	کت چرم مردانه چرم کروکو مدل koatro	1	[{"added": {}}]	7	1
2	2022-12-16 06:10:31.70419+00	1	order 1	1	[{"added": {}}, {"added": {"name": "order product", "object": "OrderItem 1: name \\u06a9\\u062a \\u0686\\u0631\\u0645 \\u0645\\u0631\\u062f\\u0627\\u0646\\u0647 \\u0686\\u0631\\u0645 \\u06a9\\u0631\\u0648\\u06a9\\u0648 \\u0645\\u062f\\u0644 koatro with \\n                price 500000 * 50 total 25000000"}}]	11	1
3	2022-12-21 09:41:19.015789+00	2	دستکش مردانه چرم آفتاب مدل DM 408	1	[{"added": {}}]	7	1
4	2022-12-21 14:47:29.333702+00	2	order 2	3		11	1
5	2022-12-21 15:24:16.638782+00	7	order 7	3		11	1
6	2022-12-21 15:24:16.641797+00	6	order 6	3		11	1
7	2022-12-21 15:24:16.645272+00	5	order 5	3		11	1
8	2022-12-21 15:24:16.652517+00	4	order 4	3		11	1
9	2022-12-21 15:24:16.658892+00	3	order 3	3		11	1
10	2023-01-02 17:43:22.069315+00	11	User hossein made 10 percentage for product کت چرم مردانه چرم کروکو مدل koatro	1	[{"added": {}}]	13	1
11	2023-01-02 17:43:38.129725+00	11	User hossein made 10 percentage for product کت چرم مردانه چرم کروکو مدل koatro	2	[]	13	1
12	2023-01-02 17:44:52.758202+00	2	ali	1	[{"added": {}}]	6	1
13	2023-01-02 17:45:34.679902+00	12	User hossein made 12 percentage for product دستکش مردانه چرم آفتاب مدل DM 408	1	[{"added": {}}]	13	1
14	2023-01-02 17:45:44.467371+00	12	User hossein made 12 percentage for product دستکش مردانه چرم آفتاب مدل DM 408	2	[{"changed": {"fields": ["User"]}}]	13	1
15	2023-01-02 17:45:51.907485+00	12	User hossein made 12 percentage for product دستکش مردانه چرم آفتاب مدل DM 408	2	[{"changed": {"fields": ["User"]}}]	13	1
16	2023-01-02 17:49:48.303862+00	2	دستکش مردانه چرم آفتاب مدل DM 408	2	[{"added": {"name": "discount", "object": "User  made 15 percentage for product \\u062f\\u0633\\u062a\\u06a9\\u0634 \\u0645\\u0631\\u062f\\u0627\\u0646\\u0647 \\u0686\\u0631\\u0645 \\u0622\\u0641\\u062a\\u0627\\u0628 \\u0645\\u062f\\u0644 DM 408"}}]	7	1
17	2023-01-02 19:10:07.212375+00	13	User  made 15 percentage for product دستکش مردانه چرم آفتاب مدل DM 408	3		13	1
18	2023-01-02 19:10:38.249785+00	1	کت چرم مردانه چرم کروکو مدل koatro	2	[{"added": {"name": "discount", "object": "User  made 13 percentage for product \\u06a9\\u062a \\u0686\\u0631\\u0645 \\u0645\\u0631\\u062f\\u0627\\u0646\\u0647 \\u0686\\u0631\\u0645 \\u06a9\\u0631\\u0648\\u06a9\\u0648 \\u0645\\u062f\\u0644 koatro"}}]	7	1
19	2023-01-02 19:10:55.071921+00	14	User hossein made 13 percentage for product کت چرم مردانه چرم کروکو مدل koatro	2	[]	13	1
20	2023-01-02 19:11:36.531779+00	1	کت چرم مردانه چرم کروکو مدل koatro	2	[{"added": {"name": "discount", "object": "User  made 14 percentage for product \\u06a9\\u062a \\u0686\\u0631\\u0645 \\u0645\\u0631\\u062f\\u0627\\u0646\\u0647 \\u0686\\u0631\\u0645 \\u06a9\\u0631\\u0648\\u06a9\\u0648 \\u0645\\u062f\\u0644 koatro"}}]	7	1
21	2023-01-02 19:12:57.781103+00	1	کت چرم مردانه چرم کروکو مدل koatro	2	[{"added": {"name": "discount", "object": "User  made 15 percentage for product \\u06a9\\u062a \\u0686\\u0631\\u0645 \\u0645\\u0631\\u062f\\u0627\\u0646\\u0647 \\u0686\\u0631\\u0645 \\u06a9\\u0631\\u0648\\u06a9\\u0648 \\u0645\\u062f\\u0644 koatro"}}]	7	1
22	2023-01-02 19:23:30.754496+00	16	User  made 15 percentage for product کت چرم مردانه چرم کروکو مدل koatro	3		13	1
23	2023-01-02 19:23:30.773348+00	15	User  made 14 percentage for product کت چرم مردانه چرم کروکو مدل koatro	3		13	1
24	2023-01-02 19:23:30.77599+00	14	User hossein made 13 percentage for product کت چرم مردانه چرم کروکو مدل koatro	3		13	1
25	2023-01-02 19:23:30.787265+00	12	User hossein made 12 percentage for product دستکش مردانه چرم آفتاب مدل DM 408	3		13	1
26	2023-01-02 19:23:30.789932+00	11	User hossein made 10 percentage for product کت چرم مردانه چرم کروکو مدل koatro	3		13	1
27	2023-01-02 19:23:57.03894+00	1	کت چرم مردانه چرم کروکو مدل koatro	2	[{"added": {"name": "discount", "object": "User  made 10 percentage for product \\u06a9\\u062a \\u0686\\u0631\\u0645 \\u0645\\u0631\\u062f\\u0627\\u0646\\u0647 \\u0686\\u0631\\u0645 \\u06a9\\u0631\\u0648\\u06a9\\u0648 \\u0645\\u062f\\u0644 koatro"}}]	7	1
28	2023-01-02 19:26:23.554283+00	1	کت چرم مردانه چرم کروکو مدل koatro	2	[{"added": {"name": "discount", "object": "User  made 15 percentage for product \\u06a9\\u062a \\u0686\\u0631\\u0645 \\u0645\\u0631\\u062f\\u0627\\u0646\\u0647 \\u0686\\u0631\\u0645 \\u06a9\\u0631\\u0648\\u06a9\\u0648 \\u0645\\u062f\\u0644 koatro"}}]	7	1
29	2023-01-02 19:29:24.969451+00	2	دستکش مردانه چرم آفتاب مدل DM 408	2	[{"added": {"name": "discount", "object": "User  made 11 percentage for product \\u062f\\u0633\\u062a\\u06a9\\u0634 \\u0645\\u0631\\u062f\\u0627\\u0646\\u0647 \\u0686\\u0631\\u0645 \\u0622\\u0641\\u062a\\u0627\\u0628 \\u0645\\u062f\\u0644 DM 408"}}]	7	1
30	2023-01-09 18:19:55.633491+00	1	۵ دلیل برای اینکه به گوشی گران‌قیمت نیازی ندارید	1	[{"added": {}}]	14	1
31	2023-01-09 19:08:35.064294+00	2	دسته‌ی جدید ایسوس برای ایکس‌باکس یک صفحه‌ی نمایش دارد	1	[{"added": {}}]	14	1
32	2023-01-09 19:12:39.120448+00	3	بررسی هدفون هایلو مدل GT6؛ خوش‌قیمت و راحت با صدای عالی	1	[{"added": {}}]	14	1
33	2023-01-09 19:14:35.495472+00	4	کتاب‌های اسلاونکا دراکولیچ؛ روایت‌هایی مستند از سبک زندگی مردم زیر سلطه حکومت کمونیستی	1	[{"added": {}}]	14	1
34	2023-01-09 19:14:39.640003+00	4	کتاب‌های اسلاونکا دراکولیچ؛ روایت‌هایی مستند از سبک زندگی مردم زیر سلطه حکومت کمونیستی	2	[]	14	1
35	2023-01-09 19:15:42.231935+00	5	راهنمای خرید مانیتور؛ دی ۱۴۰۱	1	[{"added": {}}]	14	1
\.


--
-- Data for Name: django_content_type; Type: TABLE DATA; Schema: public; Owner: postgres
--

COPY public.django_content_type (id, app_label, model) FROM stdin;
1	admin	logentry
2	auth	permission
3	auth	group
4	contenttypes	contenttype
5	sessions	session
6	accounts	customuser
7	products	products
8	products	comments
9	account	emailaddress
10	account	emailconfirmation
11	orders	order
12	orders	orderproduct
13	products	discount
14	blogs	blog
\.


--
-- Data for Name: django_migrations; Type: TABLE DATA; Schema: public; Owner: postgres
--

COPY public.django_migrations (id, app, name, applied) FROM stdin;
1	contenttypes	0001_initial	2022-12-15 15:24:34.208113+00
2	contenttypes	0002_remove_content_type_name	2022-12-15 15:24:34.22391+00
3	auth	0001_initial	2022-12-15 15:24:34.311266+00
4	auth	0002_alter_permission_name_max_length	2022-12-15 15:24:34.32032+00
5	auth	0003_alter_user_email_max_length	2022-12-15 15:24:34.333721+00
6	auth	0004_alter_user_username_opts	2022-12-15 15:24:34.344316+00
7	auth	0005_alter_user_last_login_null	2022-12-15 15:24:34.354855+00
8	auth	0006_require_contenttypes_0002	2022-12-15 15:24:34.360874+00
9	auth	0007_alter_validators_add_error_messages	2022-12-15 15:24:34.372839+00
10	auth	0008_alter_user_username_max_length	2022-12-15 15:24:34.382991+00
11	auth	0009_alter_user_last_name_max_length	2022-12-15 15:24:34.395502+00
12	auth	0010_alter_group_name_max_length	2022-12-15 15:24:34.406919+00
13	auth	0011_update_proxy_permissions	2022-12-15 15:24:34.416587+00
14	auth	0012_alter_user_first_name_max_length	2022-12-15 15:24:34.428762+00
15	accounts	0001_initial	2022-12-15 15:24:34.510242+00
16	account	0001_initial	2022-12-15 15:24:34.578048+00
17	account	0002_email_max_length	2022-12-15 15:24:34.591294+00
18	admin	0001_initial	2022-12-15 15:24:34.634495+00
19	admin	0002_logentry_remove_auto_add	2022-12-15 15:24:34.647421+00
20	admin	0003_logentry_add_action_flag_choices	2022-12-15 15:24:34.670731+00
21	products	0001_initial	2022-12-15 15:24:34.690722+00
22	products	0002_comments	2022-12-15 15:24:34.754697+00
23	products	0003_products_image_alter_comments_body_and_more	2022-12-15 15:24:34.843997+00
24	products	0004_alter_comments_datetime_created_and_more	2022-12-15 15:24:34.880275+00
25	sessions	0001_initial	2022-12-15 15:24:34.913946+00
26	products	0005_alter_comments_datetime_created_and_more	2022-12-15 15:45:25.774314+00
27	products	0006_alter_comments_datetime_created_and_more	2022-12-16 05:40:09.038719+00
28	orders	0001_initial	2022-12-16 05:40:09.143113+00
29	orders	0002_order_order_note	2022-12-21 10:22:51.521585+00
30	products	0007_alter_comments_datetime_created_and_more	2022-12-23 08:05:07.406885+00
31	products	0008_alter_comments_datetime_created_and_more	2022-12-23 21:11:30.547441+00
32	products	0009_alter_comments_datetime_created_and_more	2023-01-01 17:21:42.59444+00
33	products	0010_alter_comments_datetime_created_and_more	2023-01-09 17:00:35.501566+00
34	blogs	0001_initial	2023-01-09 18:04:43.675677+00
\.


--
-- Data for Name: django_session; Type: TABLE DATA; Schema: public; Owner: postgres
--

COPY public.django_session (session_key, session_data, expire_date) FROM stdin;
xowf1ag5tl0z0ffeztbvm31wmt913vpo	.eJxVjjEOgzAUQ--SGUWE_ABh7M4ZkJP_VWgrIgWYEHcvSAztZtnPlnc1YFvHYVskDxOrThlV_HoB8S3zFfAL8zPpmOY1T0FfiL7TRfeJ5fO42b-BEct4tp33zrqWJEZQJUBFDbE0PpQILcHVvqkMEUoRWBZjHddUtjbg1JBzNGW-TxpTqIi8qm4_ji910D-U:1pExnP:jrZbeUqLdgiXK2mdudocFUeESNsgcB_1HeUSEL8-Czs	2023-01-23 19:26:59.505539+00
\.


--
-- Data for Name: orders_order; Type: TABLE DATA; Schema: public; Owner: postgres
--

COPY public.orders_order (id, is_paid, first_name, last_name, phone_number, address, datetime_created, datetime_modified, user_id, order_note) FROM stdin;
1	t	حسین			قرخ بلاخ	2022-12-16 06:10:31.699289+00	2022-12-16 06:10:31.699308+00	1	
8	f	حسین	میانه	09198847791	میانه	2022-12-21 15:30:42.815907+00	2022-12-21 15:30:42.815934+00	1	
9	f	سارا	یع	09198847791	میانه	2022-12-22 16:34:35.054531+00	2022-12-22 16:34:35.054556+00	1	
10	f	حسین	یعقوبی	09198847791	میاننه	2022-12-31 18:32:58.303194+00	2022-12-31 18:32:58.303233+00	1	
11	f	hossein	yaghoubib	09198847791	miyaneh	2022-12-31 19:11:49.425044+00	2022-12-31 19:11:49.425075+00	1	
\.


--
-- Data for Name: orders_orderproduct; Type: TABLE DATA; Schema: public; Owner: postgres
--

COPY public.orders_orderproduct (id, price, quantity, order_id, product_id) FROM stdin;
1	500000	50	1	1
10	10590000	3	8	1
11	450000	4	8	2
12	10590000	1	9	1
13	450000	2	9	2
14	450000	1	10	2
15	10590000	1	10	1
16	450000	1	11	2
17	10590000	1	11	1
\.


--
-- Data for Name: products_comments; Type: TABLE DATA; Schema: public; Owner: postgres
--

COPY public.products_comments (id, body, star, active, datetime_created, datetime_modified, product_id, user_id) FROM stdin;
\.


--
-- Data for Name: products_products; Type: TABLE DATA; Schema: public; Owner: postgres
--

COPY public.products_products (id, title, description, price, active, datetime_created, datetime_modified, image) FROM stdin;
1	کت چرم مردانه چرم کروکو مدل koatro	<h1>کت چرم مردانه چرم کروکو مدل koatro</h1>\r\n\r\n<p>&nbsp;</p>\r\n\r\n<p><img alt="" src="https://dkstatics-public.digikala.com/digikala-products/3e23ea8fef16eedaa1dd1e854eeedefa1ab5ca15_1643709153.jpg?x-oss-process=image/resize,w_1600/quality,q_80" style="float:right; height:300px; margin:56px 15px; width:250px" /></p>	10590000	t	2022-12-15 16:01:12+00	2023-01-02 19:26:23.54061+00	product/product_image/charm.jpg
2	دستکش مردانه چرم آفتاب مدل DM 408	<h2><span style="background-color:#1abc9c">دستکش مردانه چرم آفتاب مدل DM 408</span></h2>\r\n\r\n<p>&nbsp;</p>\r\n\r\n<p><img alt="devil" src="http://127.0.0.1:8000/static/ckeditor/ckeditor/plugins/smiley/images/devil_smile.png" style="height:23px; width:23px" title="devil" /> چرمگاومیشی عالی</p>\r\n\r\n<p>&nbsp;</p>\r\n\r\n<div>\r\n<div>\r\n<p>جنس</p>\r\n\r\n<div>\r\n<p>چرم طبیعی</p>\r\n</div>\r\n</div>\r\n\r\n<div>\r\n<p>فرم دستکش</p>\r\n\r\n<div>\r\n<p>دستکش کوتاه تا مچ</p>\r\n</div>\r\n</div>\r\n\r\n<div>\r\n<p>نوع دستکش</p>\r\n\r\n<div>\r\n<p>روزمره</p>\r\n\r\n<p>مناسب برای سرما</p>\r\n\r\n<p>مناسب برای مهمانی</p>\r\n</div>\r\n</div>\r\n\r\n<div>\r\n<p>توضیحات جنس</p>\r\n\r\n<div>\r\n<p>تهیه شده از ۱۰۰% چرم طبیعی (گوسفندی)</p>\r\n</div>\r\n</div>\r\n\r\n<div>\r\n<p>جزئیات</p>\r\n\r\n<div>\r\n<p>این دستکش مردانه دارای چرم یک لایه است این دستکش ۸۰ گرم وزن دارد.</p>\r\n</div>\r\n</div>\r\n</div>	450000	t	2022-12-21 09:38:25+00	2023-01-02 19:29:24.964796+00	product/product_image/dastkesh.jpg
\.


--
-- Name: account_emailaddress_id_seq; Type: SEQUENCE SET; Schema: public; Owner: postgres
--

SELECT pg_catalog.setval('public.account_emailaddress_id_seq', 1, false);


--
-- Name: account_emailconfirmation_id_seq; Type: SEQUENCE SET; Schema: public; Owner: postgres
--

SELECT pg_catalog.setval('public.account_emailconfirmation_id_seq', 1, false);


--
-- Name: accounts_customuser_groups_id_seq; Type: SEQUENCE SET; Schema: public; Owner: postgres
--

SELECT pg_catalog.setval('public.accounts_customuser_groups_id_seq', 1, false);


--
-- Name: accounts_customuser_id_seq; Type: SEQUENCE SET; Schema: public; Owner: postgres
--

SELECT pg_catalog.setval('public.accounts_customuser_id_seq', 2, true);


--
-- Name: accounts_customuser_user_permissions_id_seq; Type: SEQUENCE SET; Schema: public; Owner: postgres
--

SELECT pg_catalog.setval('public.accounts_customuser_user_permissions_id_seq', 1, false);


--
-- Name: auth_group_id_seq; Type: SEQUENCE SET; Schema: public; Owner: postgres
--

SELECT pg_catalog.setval('public.auth_group_id_seq', 1, false);


--
-- Name: auth_group_permissions_id_seq; Type: SEQUENCE SET; Schema: public; Owner: postgres
--

SELECT pg_catalog.setval('public.auth_group_permissions_id_seq', 1, false);


--
-- Name: auth_permission_id_seq; Type: SEQUENCE SET; Schema: public; Owner: postgres
--

SELECT pg_catalog.setval('public.auth_permission_id_seq', 56, true);


--
-- Name: blogs_blog_id_seq; Type: SEQUENCE SET; Schema: public; Owner: postgres
--

SELECT pg_catalog.setval('public.blogs_blog_id_seq', 5, true);


--
-- Name: django_admin_log_id_seq; Type: SEQUENCE SET; Schema: public; Owner: postgres
--

SELECT pg_catalog.setval('public.django_admin_log_id_seq', 35, true);


--
-- Name: django_content_type_id_seq; Type: SEQUENCE SET; Schema: public; Owner: postgres
--

SELECT pg_catalog.setval('public.django_content_type_id_seq', 14, true);


--
-- Name: django_migrations_id_seq; Type: SEQUENCE SET; Schema: public; Owner: postgres
--

SELECT pg_catalog.setval('public.django_migrations_id_seq', 34, true);


--
-- Name: orders_order_id_seq; Type: SEQUENCE SET; Schema: public; Owner: postgres
--

SELECT pg_catalog.setval('public.orders_order_id_seq', 11, true);


--
-- Name: orders_orderproduct_id_seq; Type: SEQUENCE SET; Schema: public; Owner: postgres
--

SELECT pg_catalog.setval('public.orders_orderproduct_id_seq', 17, true);


--
-- Name: products_comments_id_seq; Type: SEQUENCE SET; Schema: public; Owner: postgres
--

SELECT pg_catalog.setval('public.products_comments_id_seq', 1, false);


--
-- Name: products_products_id_seq; Type: SEQUENCE SET; Schema: public; Owner: postgres
--

SELECT pg_catalog.setval('public.products_products_id_seq', 2, true);


--
-- Name: account_emailaddress account_emailaddress_email_key; Type: CONSTRAINT; Schema: public; Owner: postgres
--

ALTER TABLE ONLY public.account_emailaddress
    ADD CONSTRAINT account_emailaddress_email_key UNIQUE (email);


--
-- Name: account_emailaddress account_emailaddress_pkey; Type: CONSTRAINT; Schema: public; Owner: postgres
--

ALTER TABLE ONLY public.account_emailaddress
    ADD CONSTRAINT account_emailaddress_pkey PRIMARY KEY (id);


--
-- Name: account_emailconfirmation account_emailconfirmation_key_key; Type: CONSTRAINT; Schema: public; Owner: postgres
--

ALTER TABLE ONLY public.account_emailconfirmation
    ADD CONSTRAINT account_emailconfirmation_key_key UNIQUE (key);


--
-- Name: account_emailconfirmation account_emailconfirmation_pkey; Type: CONSTRAINT; Schema: public; Owner: postgres
--

ALTER TABLE ONLY public.account_emailconfirmation
    ADD CONSTRAINT account_emailconfirmation_pkey PRIMARY KEY (id);


--
-- Name: accounts_customuser_groups accounts_customuser_groups_customuser_id_group_id_c074bdcb_uniq; Type: CONSTRAINT; Schema: public; Owner: postgres
--

ALTER TABLE ONLY public.accounts_customuser_groups
    ADD CONSTRAINT accounts_customuser_groups_customuser_id_group_id_c074bdcb_uniq UNIQUE (customuser_id, group_id);


--
-- Name: accounts_customuser_groups accounts_customuser_groups_pkey; Type: CONSTRAINT; Schema: public; Owner: postgres
--

ALTER TABLE ONLY public.accounts_customuser_groups
    ADD CONSTRAINT accounts_customuser_groups_pkey PRIMARY KEY (id);


--
-- Name: accounts_customuser accounts_customuser_pkey; Type: CONSTRAINT; Schema: public; Owner: postgres
--

ALTER TABLE ONLY public.accounts_customuser
    ADD CONSTRAINT accounts_customuser_pkey PRIMARY KEY (id);


--
-- Name: accounts_customuser_user_permissions accounts_customuser_user_customuser_id_permission_9632a709_uniq; Type: CONSTRAINT; Schema: public; Owner: postgres
--

ALTER TABLE ONLY public.accounts_customuser_user_permissions
    ADD CONSTRAINT accounts_customuser_user_customuser_id_permission_9632a709_uniq UNIQUE (customuser_id, permission_id);


--
-- Name: accounts_customuser_user_permissions accounts_customuser_user_permissions_pkey; Type: CONSTRAINT; Schema: public; Owner: postgres
--

ALTER TABLE ONLY public.accounts_customuser_user_permissions
    ADD CONSTRAINT accounts_customuser_user_permissions_pkey PRIMARY KEY (id);


--
-- Name: accounts_customuser accounts_customuser_username_key; Type: CONSTRAINT; Schema: public; Owner: postgres
--

ALTER TABLE ONLY public.accounts_customuser
    ADD CONSTRAINT accounts_customuser_username_key UNIQUE (username);


--
-- Name: auth_group auth_group_name_key; Type: CONSTRAINT; Schema: public; Owner: postgres
--

ALTER TABLE ONLY public.auth_group
    ADD CONSTRAINT auth_group_name_key UNIQUE (name);


--
-- Name: auth_group_permissions auth_group_permissions_group_id_permission_id_0cd325b0_uniq; Type: CONSTRAINT; Schema: public; Owner: postgres
--

ALTER TABLE ONLY public.auth_group_permissions
    ADD CONSTRAINT auth_group_permissions_group_id_permission_id_0cd325b0_uniq UNIQUE (group_id, permission_id);


--
-- Name: auth_group_permissions auth_group_permissions_pkey; Type: CONSTRAINT; Schema: public; Owner: postgres
--

ALTER TABLE ONLY public.auth_group_permissions
    ADD CONSTRAINT auth_group_permissions_pkey PRIMARY KEY (id);


--
-- Name: auth_group auth_group_pkey; Type: CONSTRAINT; Schema: public; Owner: postgres
--

ALTER TABLE ONLY public.auth_group
    ADD CONSTRAINT auth_group_pkey PRIMARY KEY (id);


--
-- Name: auth_permission auth_permission_content_type_id_codename_01ab375a_uniq; Type: CONSTRAINT; Schema: public; Owner: postgres
--

ALTER TABLE ONLY public.auth_permission
    ADD CONSTRAINT auth_permission_content_type_id_codename_01ab375a_uniq UNIQUE (content_type_id, codename);


--
-- Name: auth_permission auth_permission_pkey; Type: CONSTRAINT; Schema: public; Owner: postgres
--

ALTER TABLE ONLY public.auth_permission
    ADD CONSTRAINT auth_permission_pkey PRIMARY KEY (id);


--
-- Name: blogs_blog blogs_blog_pkey; Type: CONSTRAINT; Schema: public; Owner: postgres
--

ALTER TABLE ONLY public.blogs_blog
    ADD CONSTRAINT blogs_blog_pkey PRIMARY KEY (id);


--
-- Name: django_admin_log django_admin_log_pkey; Type: CONSTRAINT; Schema: public; Owner: postgres
--

ALTER TABLE ONLY public.django_admin_log
    ADD CONSTRAINT django_admin_log_pkey PRIMARY KEY (id);


--
-- Name: django_content_type django_content_type_app_label_model_76bd3d3b_uniq; Type: CONSTRAINT; Schema: public; Owner: postgres
--

ALTER TABLE ONLY public.django_content_type
    ADD CONSTRAINT django_content_type_app_label_model_76bd3d3b_uniq UNIQUE (app_label, model);


--
-- Name: django_content_type django_content_type_pkey; Type: CONSTRAINT; Schema: public; Owner: postgres
--

ALTER TABLE ONLY public.django_content_type
    ADD CONSTRAINT django_content_type_pkey PRIMARY KEY (id);


--
-- Name: django_migrations django_migrations_pkey; Type: CONSTRAINT; Schema: public; Owner: postgres
--

ALTER TABLE ONLY public.django_migrations
    ADD CONSTRAINT django_migrations_pkey PRIMARY KEY (id);


--
-- Name: django_session django_session_pkey; Type: CONSTRAINT; Schema: public; Owner: postgres
--

ALTER TABLE ONLY public.django_session
    ADD CONSTRAINT django_session_pkey PRIMARY KEY (session_key);


--
-- Name: orders_order orders_order_pkey; Type: CONSTRAINT; Schema: public; Owner: postgres
--

ALTER TABLE ONLY public.orders_order
    ADD CONSTRAINT orders_order_pkey PRIMARY KEY (id);


--
-- Name: orders_orderproduct orders_orderproduct_pkey; Type: CONSTRAINT; Schema: public; Owner: postgres
--

ALTER TABLE ONLY public.orders_orderproduct
    ADD CONSTRAINT orders_orderproduct_pkey PRIMARY KEY (id);


--
-- Name: products_comments products_comments_pkey; Type: CONSTRAINT; Schema: public; Owner: postgres
--

ALTER TABLE ONLY public.products_comments
    ADD CONSTRAINT products_comments_pkey PRIMARY KEY (id);


--
-- Name: products_products products_products_pkey; Type: CONSTRAINT; Schema: public; Owner: postgres
--

ALTER TABLE ONLY public.products_products
    ADD CONSTRAINT products_products_pkey PRIMARY KEY (id);


--
-- Name: account_emailaddress_email_03be32b2_like; Type: INDEX; Schema: public; Owner: postgres
--

CREATE INDEX account_emailaddress_email_03be32b2_like ON public.account_emailaddress USING btree (email varchar_pattern_ops);


--
-- Name: account_emailaddress_user_id_2c513194; Type: INDEX; Schema: public; Owner: postgres
--

CREATE INDEX account_emailaddress_user_id_2c513194 ON public.account_emailaddress USING btree (user_id);


--
-- Name: account_emailconfirmation_email_address_id_5b7f8c58; Type: INDEX; Schema: public; Owner: postgres
--

CREATE INDEX account_emailconfirmation_email_address_id_5b7f8c58 ON public.account_emailconfirmation USING btree (email_address_id);


--
-- Name: account_emailconfirmation_key_f43612bd_like; Type: INDEX; Schema: public; Owner: postgres
--

CREATE INDEX account_emailconfirmation_key_f43612bd_like ON public.account_emailconfirmation USING btree (key varchar_pattern_ops);


--
-- Name: accounts_customuser_groups_customuser_id_bc55088e; Type: INDEX; Schema: public; Owner: postgres
--

CREATE INDEX accounts_customuser_groups_customuser_id_bc55088e ON public.accounts_customuser_groups USING btree (customuser_id);


--
-- Name: accounts_customuser_groups_group_id_86ba5f9e; Type: INDEX; Schema: public; Owner: postgres
--

CREATE INDEX accounts_customuser_groups_group_id_86ba5f9e ON public.accounts_customuser_groups USING btree (group_id);


--
-- Name: accounts_customuser_user_permissions_customuser_id_0deaefae; Type: INDEX; Schema: public; Owner: postgres
--

CREATE INDEX accounts_customuser_user_permissions_customuser_id_0deaefae ON public.accounts_customuser_user_permissions USING btree (customuser_id);


--
-- Name: accounts_customuser_user_permissions_permission_id_aea3d0e5; Type: INDEX; Schema: public; Owner: postgres
--

CREATE INDEX accounts_customuser_user_permissions_permission_id_aea3d0e5 ON public.accounts_customuser_user_permissions USING btree (permission_id);


--
-- Name: accounts_customuser_username_722f3555_like; Type: INDEX; Schema: public; Owner: postgres
--

CREATE INDEX accounts_customuser_username_722f3555_like ON public.accounts_customuser USING btree (username varchar_pattern_ops);


--
-- Name: auth_group_name_a6ea08ec_like; Type: INDEX; Schema: public; Owner: postgres
--

CREATE INDEX auth_group_name_a6ea08ec_like ON public.auth_group USING btree (name varchar_pattern_ops);


--
-- Name: auth_group_permissions_group_id_b120cbf9; Type: INDEX; Schema: public; Owner: postgres
--

CREATE INDEX auth_group_permissions_group_id_b120cbf9 ON public.auth_group_permissions USING btree (group_id);


--
-- Name: auth_group_permissions_permission_id_84c5c92e; Type: INDEX; Schema: public; Owner: postgres
--

CREATE INDEX auth_group_permissions_permission_id_84c5c92e ON public.auth_group_permissions USING btree (permission_id);


--
-- Name: auth_permission_content_type_id_2f476e4b; Type: INDEX; Schema: public; Owner: postgres
--

CREATE INDEX auth_permission_content_type_id_2f476e4b ON public.auth_permission USING btree (content_type_id);


--
-- Name: blogs_blog_user_id_beff9d08; Type: INDEX; Schema: public; Owner: postgres
--

CREATE INDEX blogs_blog_user_id_beff9d08 ON public.blogs_blog USING btree (user_id);


--
-- Name: django_admin_log_content_type_id_c4bce8eb; Type: INDEX; Schema: public; Owner: postgres
--

CREATE INDEX django_admin_log_content_type_id_c4bce8eb ON public.django_admin_log USING btree (content_type_id);


--
-- Name: django_admin_log_user_id_c564eba6; Type: INDEX; Schema: public; Owner: postgres
--

CREATE INDEX django_admin_log_user_id_c564eba6 ON public.django_admin_log USING btree (user_id);


--
-- Name: django_session_expire_date_a5c62663; Type: INDEX; Schema: public; Owner: postgres
--

CREATE INDEX django_session_expire_date_a5c62663 ON public.django_session USING btree (expire_date);


--
-- Name: django_session_session_key_c0390e0f_like; Type: INDEX; Schema: public; Owner: postgres
--

CREATE INDEX django_session_session_key_c0390e0f_like ON public.django_session USING btree (session_key varchar_pattern_ops);


--
-- Name: orders_order_user_id_e9b59eb1; Type: INDEX; Schema: public; Owner: postgres
--

CREATE INDEX orders_order_user_id_e9b59eb1 ON public.orders_order USING btree (user_id);


--
-- Name: orders_orderproduct_order_id_5022a3e2; Type: INDEX; Schema: public; Owner: postgres
--

CREATE INDEX orders_orderproduct_order_id_5022a3e2 ON public.orders_orderproduct USING btree (order_id);


--
-- Name: orders_orderproduct_product_id_4d6ac024; Type: INDEX; Schema: public; Owner: postgres
--

CREATE INDEX orders_orderproduct_product_id_4d6ac024 ON public.orders_orderproduct USING btree (product_id);


--
-- Name: products_comments_product_id_1fd03457; Type: INDEX; Schema: public; Owner: postgres
--

CREATE INDEX products_comments_product_id_1fd03457 ON public.products_comments USING btree (product_id);


--
-- Name: products_comments_user_id_fb5d2a2b; Type: INDEX; Schema: public; Owner: postgres
--

CREATE INDEX products_comments_user_id_fb5d2a2b ON public.products_comments USING btree (user_id);


--
-- Name: account_emailaddress account_emailaddress_user_id_2c513194_fk_accounts_customuser_id; Type: FK CONSTRAINT; Schema: public; Owner: postgres
--

ALTER TABLE ONLY public.account_emailaddress
    ADD CONSTRAINT account_emailaddress_user_id_2c513194_fk_accounts_customuser_id FOREIGN KEY (user_id) REFERENCES public.accounts_customuser(id) DEFERRABLE INITIALLY DEFERRED;


--
-- Name: account_emailconfirmation account_emailconfirm_email_address_id_5b7f8c58_fk_account_e; Type: FK CONSTRAINT; Schema: public; Owner: postgres
--

ALTER TABLE ONLY public.account_emailconfirmation
    ADD CONSTRAINT account_emailconfirm_email_address_id_5b7f8c58_fk_account_e FOREIGN KEY (email_address_id) REFERENCES public.account_emailaddress(id) DEFERRABLE INITIALLY DEFERRED;


--
-- Name: accounts_customuser_user_permissions accounts_customuser__customuser_id_0deaefae_fk_accounts_; Type: FK CONSTRAINT; Schema: public; Owner: postgres
--

ALTER TABLE ONLY public.accounts_customuser_user_permissions
    ADD CONSTRAINT accounts_customuser__customuser_id_0deaefae_fk_accounts_ FOREIGN KEY (customuser_id) REFERENCES public.accounts_customuser(id) DEFERRABLE INITIALLY DEFERRED;


--
-- Name: accounts_customuser_groups accounts_customuser__customuser_id_bc55088e_fk_accounts_; Type: FK CONSTRAINT; Schema: public; Owner: postgres
--

ALTER TABLE ONLY public.accounts_customuser_groups
    ADD CONSTRAINT accounts_customuser__customuser_id_bc55088e_fk_accounts_ FOREIGN KEY (customuser_id) REFERENCES public.accounts_customuser(id) DEFERRABLE INITIALLY DEFERRED;


--
-- Name: accounts_customuser_user_permissions accounts_customuser__permission_id_aea3d0e5_fk_auth_perm; Type: FK CONSTRAINT; Schema: public; Owner: postgres
--

ALTER TABLE ONLY public.accounts_customuser_user_permissions
    ADD CONSTRAINT accounts_customuser__permission_id_aea3d0e5_fk_auth_perm FOREIGN KEY (permission_id) REFERENCES public.auth_permission(id) DEFERRABLE INITIALLY DEFERRED;


--
-- Name: accounts_customuser_groups accounts_customuser_groups_group_id_86ba5f9e_fk_auth_group_id; Type: FK CONSTRAINT; Schema: public; Owner: postgres
--

ALTER TABLE ONLY public.accounts_customuser_groups
    ADD CONSTRAINT accounts_customuser_groups_group_id_86ba5f9e_fk_auth_group_id FOREIGN KEY (group_id) REFERENCES public.auth_group(id) DEFERRABLE INITIALLY DEFERRED;


--
-- Name: auth_group_permissions auth_group_permissio_permission_id_84c5c92e_fk_auth_perm; Type: FK CONSTRAINT; Schema: public; Owner: postgres
--

ALTER TABLE ONLY public.auth_group_permissions
    ADD CONSTRAINT auth_group_permissio_permission_id_84c5c92e_fk_auth_perm FOREIGN KEY (permission_id) REFERENCES public.auth_permission(id) DEFERRABLE INITIALLY DEFERRED;


--
-- Name: auth_group_permissions auth_group_permissions_group_id_b120cbf9_fk_auth_group_id; Type: FK CONSTRAINT; Schema: public; Owner: postgres
--

ALTER TABLE ONLY public.auth_group_permissions
    ADD CONSTRAINT auth_group_permissions_group_id_b120cbf9_fk_auth_group_id FOREIGN KEY (group_id) REFERENCES public.auth_group(id) DEFERRABLE INITIALLY DEFERRED;


--
-- Name: auth_permission auth_permission_content_type_id_2f476e4b_fk_django_co; Type: FK CONSTRAINT; Schema: public; Owner: postgres
--

ALTER TABLE ONLY public.auth_permission
    ADD CONSTRAINT auth_permission_content_type_id_2f476e4b_fk_django_co FOREIGN KEY (content_type_id) REFERENCES public.django_content_type(id) DEFERRABLE INITIALLY DEFERRED;


--
-- Name: blogs_blog blogs_blog_user_id_beff9d08_fk_accounts_customuser_id; Type: FK CONSTRAINT; Schema: public; Owner: postgres
--

ALTER TABLE ONLY public.blogs_blog
    ADD CONSTRAINT blogs_blog_user_id_beff9d08_fk_accounts_customuser_id FOREIGN KEY (user_id) REFERENCES public.accounts_customuser(id) DEFERRABLE INITIALLY DEFERRED;


--
-- Name: django_admin_log django_admin_log_content_type_id_c4bce8eb_fk_django_co; Type: FK CONSTRAINT; Schema: public; Owner: postgres
--

ALTER TABLE ONLY public.django_admin_log
    ADD CONSTRAINT django_admin_log_content_type_id_c4bce8eb_fk_django_co FOREIGN KEY (content_type_id) REFERENCES public.django_content_type(id) DEFERRABLE INITIALLY DEFERRED;


--
-- Name: django_admin_log django_admin_log_user_id_c564eba6_fk_accounts_customuser_id; Type: FK CONSTRAINT; Schema: public; Owner: postgres
--

ALTER TABLE ONLY public.django_admin_log
    ADD CONSTRAINT django_admin_log_user_id_c564eba6_fk_accounts_customuser_id FOREIGN KEY (user_id) REFERENCES public.accounts_customuser(id) DEFERRABLE INITIALLY DEFERRED;


--
-- Name: orders_order orders_order_user_id_e9b59eb1_fk_accounts_customuser_id; Type: FK CONSTRAINT; Schema: public; Owner: postgres
--

ALTER TABLE ONLY public.orders_order
    ADD CONSTRAINT orders_order_user_id_e9b59eb1_fk_accounts_customuser_id FOREIGN KEY (user_id) REFERENCES public.accounts_customuser(id) DEFERRABLE INITIALLY DEFERRED;


--
-- Name: orders_orderproduct orders_orderproduct_order_id_5022a3e2_fk_orders_order_id; Type: FK CONSTRAINT; Schema: public; Owner: postgres
--

ALTER TABLE ONLY public.orders_orderproduct
    ADD CONSTRAINT orders_orderproduct_order_id_5022a3e2_fk_orders_order_id FOREIGN KEY (order_id) REFERENCES public.orders_order(id) DEFERRABLE INITIALLY DEFERRED;


--
-- Name: orders_orderproduct orders_orderproduct_product_id_4d6ac024_fk_products_products_id; Type: FK CONSTRAINT; Schema: public; Owner: postgres
--

ALTER TABLE ONLY public.orders_orderproduct
    ADD CONSTRAINT orders_orderproduct_product_id_4d6ac024_fk_products_products_id FOREIGN KEY (product_id) REFERENCES public.products_products(id) DEFERRABLE INITIALLY DEFERRED;


--
-- Name: products_comments products_comments_product_id_1fd03457_fk_products_products_id; Type: FK CONSTRAINT; Schema: public; Owner: postgres
--

ALTER TABLE ONLY public.products_comments
    ADD CONSTRAINT products_comments_product_id_1fd03457_fk_products_products_id FOREIGN KEY (product_id) REFERENCES public.products_products(id) DEFERRABLE INITIALLY DEFERRED;


--
-- Name: products_comments products_comments_user_id_fb5d2a2b_fk_accounts_customuser_id; Type: FK CONSTRAINT; Schema: public; Owner: postgres
--

ALTER TABLE ONLY public.products_comments
    ADD CONSTRAINT products_comments_user_id_fb5d2a2b_fk_accounts_customuser_id FOREIGN KEY (user_id) REFERENCES public.accounts_customuser(id) DEFERRABLE INITIALLY DEFERRED;


--
-- PostgreSQL database dump complete
--

--
-- PostgreSQL database cluster dump complete
--

